{
  "n_test": 200,
  "anomaly_rate": 0.11,
  "score_mean": 0.05958671278534919,
  "score_p10": -0.0016021339496555885,
  "score_p50": 0.0632401876476486,
  "score_p90": 0.11538654301215817
}